P_username,P_password,P_first name,P_last name,P_country,P_city,P_zipcode,P_county,p_state
su,gw,GWTest2,Test,US,Atlanta,30301,Anchorage,GA
su,gw,GWTest3,Test,US,Atlanta,30301,Anchorage,GA
su,gw,GWTest4,Test,US,Atlanta,30301,Anchorage,GA
su,gw,GWTest5,Test,US,Atlanta,30301,Anchorage,GA
su,gw,GWTest6,Test,US,Atlanta,30301,Anchorage,GA
su,gw,GWTest7,Test,US,Atlanta,30301,Anchorage,GA
su,gw,GWTest8,Test,US,Atlanta,30301,Anchorage,GA
su,gw,GWTest9,Test,US,Atlanta,30301,Anchorage,GA
su,gw,GWTest10,Test,US,Atlanta,30301,Anchorage,GA
su,gw,GWTest11,Test,US,Atlanta,30301,Anchorage,GA
su,gw,GWTest12,Test,US,Atlanta,30301,Anchorage,GA
su,gw,GWTest13,Test,US,Atlanta,30301,Anchorage,GA
su,gw,GWTest14,Test,US,Atlanta,30301,Anchorage,GA
su,gw,GWTest15,Test,US,Atlanta,30301,Anchorage,GA
su,gw,GWTest16,Test,US,Atlanta,30301,Anchorage,GA
su,gw,GWTest17,Test,US,Atlanta,30301,Anchorage,GA
su,gw,GWTest18,Test,US,Atlanta,30301,Anchorage,GA
su,gw,GWTest19,Test,US,Atlanta,30301,Anchorage,GA
su,gw,GWTest20,Test,US,Atlanta,30301,Anchorage,GA
su,gw,GWTest21,Test,US,Atlanta,30301,Anchorage,GA
su,gw,GWTest22,Test,US,Atlanta,30301,Anchorage,GA
su,gw,GWTest23,Test,US,Atlanta,30301,Anchorage,GA
su,gw,GWTest24,Test,US,Atlanta,30301,Anchorage,GA
su,gw,GWTest25,Test,US,Atlanta,30301,Anchorage,GA
su,gw,GWTest26,Test,US,Atlanta,30301,Anchorage,GA
su,gw,GWTest27,Test,US,Atlanta,30301,Anchorage,GA
su,gw,GWTest28,Test,US,Atlanta,30301,Anchorage,GA
su,gw,GWTest29,Test,US,Atlanta,30301,Anchorage,GA
su,gw,GWTest30,Test,US,Atlanta,30301,Anchorage,GA
su,gw,GWTest31,Test,US,Atlanta,30301,Anchorage,GA
su,gw,GWTest32,Test,US,Atlanta,30301,Anchorage,GA
su,gw,GWTest33,Test,US,Atlanta,30301,Anchorage,GA
su,gw,GWTest34,Test,US,Atlanta,30301,Anchorage,GA
su,gw,GWTest35,Test,US,Atlanta,30301,Anchorage,GA
su,gw,GWTest36,Test,US,Atlanta,30301,Anchorage,GA
su,gw,GWTest37,Test,US,Atlanta,30301,Anchorage,GA
su,gw,GWTest38,Test,US,Atlanta,30301,Anchorage,GA
su,gw,GWTest39,Test,US,Atlanta,30301,Anchorage,GA
su,gw,GWTest40,Test,US,Atlanta,30301,Anchorage,GA
su,gw,GWTest41,Test,US,Atlanta,30301,Anchorage,GA
su,gw,GWTest42,Test,US,Atlanta,30301,Anchorage,GA
su,gw,GWTest43,Test,US,Atlanta,30301,Anchorage,GA
su,gw,GWTest44,Test,US,Atlanta,30301,Anchorage,GA
su,gw,GWTest45,Test,US,Atlanta,30301,Anchorage,GA
su,gw,GWTest46,Test,US,Atlanta,30301,Anchorage,GA
su,gw,GWTest47,Test,US,Atlanta,30301,Anchorage,GA
su,gw,GWTest48,Test,US,Atlanta,30301,Anchorage,GA
su,gw,GWTest49,Test,US,Atlanta,30301,Anchorage,GA
su,gw,GWTest50,Test,US,Atlanta,30301,Anchorage,GA
su,gw,GWTest51,Test,US,Atlanta,30301,Anchorage,GA
su,gw,GWTest52,Test,US,Atlanta,30301,Anchorage,GA
su,gw,GWTest53,Test,US,Atlanta,30301,Anchorage,GA
su,gw,GWTest54,Test,US,Atlanta,30301,Anchorage,GA
su,gw,GWTest55,Test,US,Atlanta,30301,Anchorage,GA
su,gw,GWTest56,Test,US,Atlanta,30301,Anchorage,GA
su,gw,GWTest57,Test,US,Atlanta,30301,Anchorage,GA
su,gw,GWTest58,Test,US,Atlanta,30301,Anchorage,GA
su,gw,GWTest59,Test,US,Atlanta,30301,Anchorage,GA
su,gw,GWTest60,Test,US,Atlanta,30301,Anchorage,GA
su,gw,GWTest61,Test,US,Atlanta,30301,Anchorage,GA
su,gw,GWTest62,Test,US,Atlanta,30301,Anchorage,GA
su,gw,GWTest63,Test,US,Atlanta,30301,Anchorage,GA
su,gw,GWTest64,Test,US,Atlanta,30301,Anchorage,GA
su,gw,GWTest65,Test,US,Atlanta,30301,Anchorage,GA
su,gw,GWTest66,Test,US,Atlanta,30301,Anchorage,GA
su,gw,GWTest67,Test,US,Atlanta,30301,Anchorage,GA
su,gw,GWTest68,Test,US,Atlanta,30301,Anchorage,GA
su,gw,GWTest69,Test,US,Atlanta,30301,Anchorage,GA
su,gw,GWTest70,Test,US,Atlanta,30301,Anchorage,GA
su,gw,GWTest71,Test,US,Atlanta,30301,Anchorage,GA
su,gw,GWTest72,Test,US,Atlanta,30301,Anchorage,GA
su,gw,GWTest73,Test,US,Atlanta,30301,Anchorage,GA
su,gw,GWTest74,Test,US,Atlanta,30301,Anchorage,GA
su,gw,GWTest75,Test,US,Atlanta,30301,Anchorage,GA
su,gw,GWTest76,Test,US,Atlanta,30301,Anchorage,GA
su,gw,GWTest77,Test,US,Atlanta,30301,Anchorage,GA
su,gw,GWTest78,Test,US,Atlanta,30301,Anchorage,GA
su,gw,GWTest79,Test,US,Atlanta,30301,Anchorage,GA
su,gw,GWTest80,Test,US,Atlanta,30301,Anchorage,GA
su,gw,GWTest81,Test,US,Atlanta,30301,Anchorage,GA
su,gw,GWTest82,Test,US,Atlanta,30301,Anchorage,GA
su,gw,GWTest83,Test,US,Atlanta,30301,Anchorage,GA
su,gw,GWTest84,Test,US,Atlanta,30301,Anchorage,GA
su,gw,GWTest85,Test,US,Atlanta,30301,Anchorage,GA
su,gw,GWTest86,Test,US,Atlanta,30301,Anchorage,GA
su,gw,GWTest87,Test,US,Atlanta,30301,Anchorage,GA
su,gw,GWTest88,Test,US,Atlanta,30301,Anchorage,GA
su,gw,GWTest89,Test,US,Atlanta,30301,Anchorage,GA
su,gw,GWTest90,Test,US,Atlanta,30301,Anchorage,GA
su,gw,GWTest91,Test,US,Atlanta,30301,Anchorage,GA
su,gw,GWTest92,Test,US,Atlanta,30301,Anchorage,GA
su,gw,GWTest93,Test,US,Atlanta,30301,Anchorage,GA
su,gw,GWTest94,Test,US,Atlanta,30301,Anchorage,GA
su,gw,GWTest95,Test,US,Atlanta,30301,Anchorage,GA
su,gw,GWTest96,Test,US,Atlanta,30301,Anchorage,GA
su,gw,GWTest97,Test,US,Atlanta,30301,Anchorage,GA
su,gw,GWTest98,Test,US,Atlanta,30301,Anchorage,GA
su,gw,GWTest99,Test,US,Atlanta,30301,Anchorage,GA
su,gw,GWTest100,Test,US,Atlanta,30301,Anchorage,GA
su,gw,GWTest101,Test,US,Atlanta,30301,Anchorage,GA
su,gw,GWTest102,Test,US,Atlanta,30301,Anchorage,GA
su,gw,GWTest103,Test,US,Atlanta,30301,Anchorage,GA
su,gw,GWTest104,Test,US,Atlanta,30301,Anchorage,GA
su,gw,GWTest105,Test,US,Atlanta,30301,Anchorage,GA
su,gw,GWTest106,Test,US,Atlanta,30301,Anchorage,GA
su,gw,GWTest107,Test,US,Atlanta,30301,Anchorage,GA
su,gw,GWTest108,Test,US,Atlanta,30301,Anchorage,GA
su,gw,GWTest109,Test,US,Atlanta,30301,Anchorage,GA
su,gw,GWTest110,Test,US,Atlanta,30301,Anchorage,GA
su,gw,GWTest111,Test,US,Atlanta,30301,Anchorage,GA
su,gw,GWTest112,Test,US,Atlanta,30301,Anchorage,GA
su,gw,GWTest113,Test,US,Atlanta,30301,Anchorage,GA
su,gw,GWTest114,Test,US,Atlanta,30301,Anchorage,GA
su,gw,GWTest115,Test,US,Atlanta,30301,Anchorage,GA
su,gw,GWTest116,Test,US,Atlanta,30301,Anchorage,GA
su,gw,GWTest117,Test,US,Atlanta,30301,Anchorage,GA
su,gw,GWTest118,Test,US,Atlanta,30301,Anchorage,GA
su,gw,GWTest119,Test,US,Atlanta,30301,Anchorage,GA
su,gw,GWTest120,Test,US,Atlanta,30301,Anchorage,GA
su,gw,GWTest121,Test,US,Atlanta,30301,Anchorage,GA
su,gw,GWTest122,Test,US,Atlanta,30301,Anchorage,GA
su,gw,GWTest123,Test,US,Atlanta,30301,Anchorage,GA
su,gw,GWTest124,Test,US,Atlanta,30301,Anchorage,GA
su,gw,GWTest125,Test,US,Atlanta,30301,Anchorage,GA
su,gw,GWTest126,Test,US,Atlanta,30301,Anchorage,GA
su,gw,GWTest127,Test,US,Atlanta,30301,Anchorage,GA
su,gw,GWTest128,Test,US,Atlanta,30301,Anchorage,GA
su,gw,GWTest129,Test,US,Atlanta,30301,Anchorage,GA
su,gw,GWTest130,Test,US,Atlanta,30301,Anchorage,GA
su,gw,GWTest131,Test,US,Atlanta,30301,Anchorage,GA
su,gw,GWTest132,Test,US,Atlanta,30301,Anchorage,GA
su,gw,GWTest133,Test,US,Atlanta,30301,Anchorage,GA
su,gw,GWTest134,Test,US,Atlanta,30301,Anchorage,GA
su,gw,GWTest135,Test,US,Atlanta,30301,Anchorage,GA
su,gw,GWTest136,Test,US,Atlanta,30301,Anchorage,GA
su,gw,GWTest137,Test,US,Atlanta,30301,Anchorage,GA
su,gw,GWTest138,Test,US,Atlanta,30301,Anchorage,GA
su,gw,GWTest139,Test,US,Atlanta,30301,Anchorage,GA
su,gw,GWTest140,Test,US,Atlanta,30301,Anchorage,GA
su,gw,GWTest141,Test,US,Atlanta,30301,Anchorage,GA
su,gw,GWTest142,Test,US,Atlanta,30301,Anchorage,GA
su,gw,GWTest143,Test,US,Atlanta,30301,Anchorage,GA
su,gw,GWTest144,Test,US,Atlanta,30301,Anchorage,GA
su,gw,GWTest145,Test,US,Atlanta,30301,Anchorage,GA
su,gw,GWTest146,Test,US,Atlanta,30301,Anchorage,GA
su,gw,GWTest147,Test,US,Atlanta,30301,Anchorage,GA
su,gw,GWTest148,Test,US,Atlanta,30301,Anchorage,GA
su,gw,GWTest149,Test,US,Atlanta,30301,Anchorage,GA
su,gw,GWTest150,Test,US,Atlanta,30301,Anchorage,GA
su,gw,GWTest151,Test,US,Atlanta,30301,Anchorage,GA
su,gw,GWTest152,Test,US,Atlanta,30301,Anchorage,GA
su,gw,GWTest153,Test,US,Atlanta,30301,Anchorage,GA
su,gw,GWTest154,Test,US,Atlanta,30301,Anchorage,GA
su,gw,GWTest155,Test,US,Atlanta,30301,Anchorage,GA
su,gw,GWTest156,Test,US,Atlanta,30301,Anchorage,GA
su,gw,GWTest157,Test,US,Atlanta,30301,Anchorage,GA
su,gw,GWTest158,Test,US,Atlanta,30301,Anchorage,GA
su,gw,GWTest159,Test,US,Atlanta,30301,Anchorage,GA
su,gw,GWTest160,Test,US,Atlanta,30301,Anchorage,GA
su,gw,GWTest161,Test,US,Atlanta,30301,Anchorage,GA
su,gw,GWTest162,Test,US,Atlanta,30301,Anchorage,GA
su,gw,GWTest163,Test,US,Atlanta,30301,Anchorage,GA
su,gw,GWTest164,Test,US,Atlanta,30301,Anchorage,GA
su,gw,GWTest165,Test,US,Atlanta,30301,Anchorage,GA
su,gw,GWTest166,Test,US,Atlanta,30301,Anchorage,GA
su,gw,GWTest167,Test,US,Atlanta,30301,Anchorage,GA
su,gw,GWTest168,Test,US,Atlanta,30301,Anchorage,GA
su,gw,GWTest169,Test,US,Atlanta,30301,Anchorage,GA
su,gw,GWTest170,Test,US,Atlanta,30301,Anchorage,GA
su,gw,GWTest171,Test,US,Atlanta,30301,Anchorage,GA
su,gw,GWTest172,Test,US,Atlanta,30301,Anchorage,GA
su,gw,GWTest173,Test,US,Atlanta,30301,Anchorage,GA
su,gw,GWTest174,Test,US,Atlanta,30301,Anchorage,GA
su,gw,GWTest175,Test,US,Atlanta,30301,Anchorage,GA
su,gw,GWTest176,Test,US,Atlanta,30301,Anchorage,GA
su,gw,GWTest177,Test,US,Atlanta,30301,Anchorage,GA
su,gw,GWTest178,Test,US,Atlanta,30301,Anchorage,GA
su,gw,GWTest179,Test,US,Atlanta,30301,Anchorage,GA
su,gw,GWTest180,Test,US,Atlanta,30301,Anchorage,GA
su,gw,GWTest181,Test,US,Atlanta,30301,Anchorage,GA
su,gw,GWTest182,Test,US,Atlanta,30301,Anchorage,GA
su,gw,GWTest183,Test,US,Atlanta,30301,Anchorage,GA
su,gw,GWTest184,Test,US,Atlanta,30301,Anchorage,GA
su,gw,GWTest185,Test,US,Atlanta,30301,Anchorage,GA
su,gw,GWTest186,Test,US,Atlanta,30301,Anchorage,GA
su,gw,GWTest187,Test,US,Atlanta,30301,Anchorage,GA
su,gw,GWTest188,Test,US,Atlanta,30301,Anchorage,GA
su,gw,GWTest189,Test,US,Atlanta,30301,Anchorage,GA
su,gw,GWTest190,Test,US,Atlanta,30301,Anchorage,GA
su,gw,GWTest191,Test,US,Atlanta,30301,Anchorage,GA
su,gw,GWTest192,Test,US,Atlanta,30301,Anchorage,GA
su,gw,GWTest193,Test,US,Atlanta,30301,Anchorage,GA
su,gw,GWTest194,Test,US,Atlanta,30301,Anchorage,GA
su,gw,GWTest195,Test,US,Atlanta,30301,Anchorage,GA
su,gw,GWTest196,Test,US,Atlanta,30301,Anchorage,GA
su,gw,GWTest197,Test,US,Atlanta,30301,Anchorage,GA
su,gw,GWTest198,Test,US,Atlanta,30301,Anchorage,GA
su,gw,GWTest199,Test,US,Atlanta,30301,Anchorage,GA
su,gw,GWTest200,Test,US,Atlanta,30301,Anchorage,GA
